Rule,Accuracy,#Times_Used,Rule Decision,Rule Length,Rule Piece 1,Rule Piece 2,Rule Piece 3,Rule Piece 4,Rule Piece 5,Rule Piece 6
9,1.0,84,0,6,defenders_in_box <= 2.50,yardline_100 > 34.50,offensive_predictability > 0.02,HOME_day_since_last_game > 6.50,epa <= 1.46,offensive_predictability <= 0.10
0,1.0,80,0,3,defenders_in_box <= 2.50,yardline_100 <= 34.50,DefenseTeam <= 22.50,0,0,0
10,1.0,72,0,6,defenders_in_box <= 2.50,yardline_100 > 34.50,offensive_predictability > 0.02,HOME_day_since_last_game > 6.50,epa <= 1.46,offensive_predictability > 0.10
33,1.0,44,1,6,defenders_in_box > 2.50,game_seconds_remaining > 2387.50,AWAY_day_since_last_game <= 7.50,Temperature > 71.72,game_seconds_remaining > 2791.00,AWAY_day_since_last_game <= 5.00
5,1.0,37,0,3,defenders_in_box <= 2.50,yardline_100 > 34.50,offensive_predictability <= 0.02,0,0,0
18,1.0,24,0,6,defenders_in_box > 2.50,game_seconds_remaining <= 2387.50,epa <= 0.47,run_count > 54.50,game_seconds_remaining > 44.00,epa <= 0.18
16,1.0,23,0,6,defenders_in_box > 2.50,game_seconds_remaining <= 2387.50,epa <= 0.47,run_count <= 54.50,play_type > 7.50,AWAY_day_since_last_game > 12.50
35,1.0,21,0,6,defenders_in_box > 2.50,game_seconds_remaining > 2387.50,AWAY_day_since_last_game > 7.50,Temperature <= 91.24,OffenseTeam <= 6.50,game_seconds_remaining <= 3455.50
1,1.0,20,0,5,defenders_in_box <= 2.50,yardline_100 <= 34.50,DefenseTeam > 22.50,Precipitation <= 0.00,Temperature <= 74.96,0
38,1.0,14,0,6,defenders_in_box > 2.50,game_seconds_remaining > 2387.50,AWAY_day_since_last_game > 7.50,Temperature <= 91.24,OffenseTeam > 6.50,run_count > 14.50
22,1.0,11,0,6,defenders_in_box > 2.50,game_seconds_remaining <= 2387.50,epa > 0.47,DefenseTeam <= 29.50,home_team_on_defense > 76.50,is_close_game <= 0.50
7,1.0,4,0,6,defenders_in_box <= 2.50,yardline_100 > 34.50,offensive_predictability > 0.02,HOME_day_since_last_game <= 6.50,Temperature > 35.40,season_progression <= 0.26
3,1.0,3,0,5,defenders_in_box <= 2.50,yardline_100 <= 34.50,DefenseTeam > 22.50,Precipitation > 0.00,game_seconds_remaining <= 1860.50,0
6,1.0,2,0,5,defenders_in_box <= 2.50,yardline_100 > 34.50,offensive_predictability > 0.02,HOME_day_since_last_game <= 6.50,Temperature <= 35.40,0
12,1.0,1,0,6,defenders_in_box <= 2.50,yardline_100 > 34.50,offensive_predictability > 0.02,HOME_day_since_last_game > 6.50,epa > 1.46,OffenseTeam > 21.50
31,0.911111111,45,1,6,defenders_in_box > 2.50,game_seconds_remaining > 2387.50,AWAY_day_since_last_game <= 7.50,Temperature > 71.72,game_seconds_remaining <= 2791.00,YardsToGo <= 7.50
8,0.787234043,47,1,6,defenders_in_box <= 2.50,yardline_100 > 34.50,offensive_predictability > 0.02,HOME_day_since_last_game <= 6.50,Temperature > 35.40,season_progression > 0.26
23,0.703125,64,1,6,defenders_in_box > 2.50,game_seconds_remaining <= 2387.50,epa > 0.47,DefenseTeam <= 29.50,home_team_on_defense > 76.50,is_close_game > 0.50
21,0.68869936,469,1,6,defenders_in_box > 2.50,game_seconds_remaining <= 2387.50,epa > 0.47,DefenseTeam <= 29.50,home_team_on_defense <= 76.50,stadium > 12.50
15,0.560416667,480,1,6,defenders_in_box > 2.50,game_seconds_remaining <= 2387.50,epa <= 0.47,run_count <= 54.50,play_type > 7.50,AWAY_day_since_last_game <= 12.50
34,0.548387097,93,0,6,defenders_in_box > 2.50,game_seconds_remaining > 2387.50,AWAY_day_since_last_game <= 7.50,Temperature > 71.72,game_seconds_remaining > 2791.00,AWAY_day_since_last_game > 5.00
37,0.547297297,148,0,6,defenders_in_box > 2.50,game_seconds_remaining > 2387.50,AWAY_day_since_last_game > 7.50,Temperature <= 91.24,OffenseTeam > 6.50,run_count <= 14.50
29,0.544186047,215,0,6,defenders_in_box > 2.50,game_seconds_remaining > 2387.50,AWAY_day_since_last_game <= 7.50,Temperature <= 71.72,yardline_100 > 34.50,pass_run_ratio <= 0.69
13,0.44138756,836,0,6,defenders_in_box > 2.50,game_seconds_remaining <= 2387.50,epa <= 0.47,run_count <= 54.50,play_type <= 7.50,surface_type <= 3.50
20,0.387596899,129,1,6,defenders_in_box > 2.50,game_seconds_remaining <= 2387.50,epa > 0.47,DefenseTeam <= 29.50,home_team_on_defense <= 76.50,stadium <= 12.50
24,0.197530864,81,0,6,defenders_in_box > 2.50,game_seconds_remaining <= 2387.50,epa > 0.47,DefenseTeam > 29.50,rest_differential <= 5.00,home_team_on_offense <= 74.50
32,0.1125,80,0,6,defenders_in_box > 2.50,game_seconds_remaining > 2387.50,AWAY_day_since_last_game <= 7.50,Temperature > 71.72,game_seconds_remaining <= 2791.00,YardsToGo > 7.50
28,0.0,36,1,6,defenders_in_box > 2.50,game_seconds_remaining > 2387.50,AWAY_day_since_last_game <= 7.50,Temperature <= 71.72,yardline_100 <= 34.50,roof > 1.50
27,0.0,25,1,6,defenders_in_box > 2.50,game_seconds_remaining > 2387.50,AWAY_day_since_last_game <= 7.50,Temperature <= 71.72,yardline_100 <= 34.50,roof <= 1.50
14,0.0,12,1,6,defenders_in_box > 2.50,game_seconds_remaining <= 2387.50,epa <= 0.47,run_count <= 54.50,play_type <= 7.50,surface_type > 3.50
17,0.0,8,1,5,defenders_in_box > 2.50,game_seconds_remaining <= 2387.50,epa <= 0.47,run_count > 54.50,game_seconds_remaining <= 44.00,0
30,0.0,8,1,6,defenders_in_box > 2.50,game_seconds_remaining > 2387.50,AWAY_day_since_last_game <= 7.50,Temperature <= 71.72,yardline_100 > 34.50,pass_run_ratio > 0.69
2,0.0,6,1,5,defenders_in_box <= 2.50,yardline_100 <= 34.50,DefenseTeam > 22.50,Precipitation <= 0.00,Temperature > 74.96,0
39,0.0,6,1,4,defenders_in_box > 2.50,game_seconds_remaining > 2387.50,AWAY_day_since_last_game > 7.50,Temperature > 91.24,0,0
11,0.0,3,1,6,defenders_in_box <= 2.50,yardline_100 > 34.50,offensive_predictability > 0.02,HOME_day_since_last_game > 6.50,epa > 1.46,OffenseTeam <= 21.50
19,0.0,3,1,6,defenders_in_box > 2.50,game_seconds_remaining <= 2387.50,epa <= 0.47,run_count > 54.50,game_seconds_remaining > 44.00,epa > 0.18
36,0.0,3,1,6,defenders_in_box > 2.50,game_seconds_remaining > 2387.50,AWAY_day_since_last_game > 7.50,Temperature <= 91.24,OffenseTeam <= 6.50,game_seconds_remaining > 3455.50
25,0.0,1,1,6,defenders_in_box > 2.50,game_seconds_remaining <= 2387.50,epa > 0.47,DefenseTeam > 29.50,rest_differential <= 5.00,home_team_on_offense > 74.50
4,0.0,0,1,5,defenders_in_box <= 2.50,yardline_100 <= 34.50,DefenseTeam > 22.50,Precipitation > 0.00,game_seconds_remaining > 1860.50,0
26,0.0,0,1,5,defenders_in_box > 2.50,game_seconds_remaining <= 2387.50,epa > 0.47,DefenseTeam > 29.50,rest_differential > 5.00,0
